Name,Address,Phone
support,nagpur,1231231231
hii,wardha,3212321232
there,nagpur,5193411233
no way,wardha,7174501234
some,nagpur,9155591235
support,wardha,11136681236
hii,nagpur,13117771237
there,wardha,15098861238
no way,nagpur,17079951239
some,wardha,19061041240
support,nagpur,21042131241
hii,wardha,23023221242
support,nagpur,25004311243
hii,wardha,26985401244
there,nagpur,28966491245
no way,wardha,30947581246
some,nagpur,32928671247
support,wardha,34909761248
hii,nagpur,36890851249
there,wardha,38871941250
